[
    {
      "id": "group-winner-11",
      "citation": "Winner(s) of group Participantes",
      "team_ids": [
        "45"
      ]
    },
    {
      "id": "first-to-solve-7",
      "citation": "First to solve problem A",
      "team_ids": [
        "20"
      ]
    },
    {
      "id": "first-to-solve-10",
      "citation": "First to solve problem D",
      "team_ids": [
        "23"
      ]
    },
    {
      "id": "first-to-solve-8",
      "citation": "First to solve problem B",
      "team_ids": [
        "45"
      ]
    },
    {
      "id": "first-to-solve-9",
      "citation": "First to solve problem C",
      "team_ids": [
        "45"
      ]
    },
    {
      "id": "first-to-solve-12",
      "citation": "First to solve problem F",
      "team_ids": [
        "45"
      ]
    },
    {
      "id": "first-to-solve-15",
      "citation": "First to solve problem I",
      "team_ids": [
        "45"
      ]
    },
    {
      "id": "first-to-solve-16",
      "citation": "First to solve problem J",
      "team_ids": [
        "45"
      ]
    },
    {
      "id": "first-to-solve-17",
      "citation": "First to solve problem K",
      "team_ids": [
        "45"
      ]
    },
    {
      "id": "first-to-solve-13",
      "citation": "First to solve problem G",
      "team_ids": [
        "47"
      ]
    },
    {
      "id": "first-to-solve-18",
      "citation": "First to solve problem L",
      "team_ids": [
        "51"
      ]
    },
    {
      "id": "winner",
      "citation": "Contest winner",
      "team_ids": [
        "45"
      ]
    }
  ]