[
    {
      "formal_name": "CusContest XXI",
      "penalty_time": 20,
      "start_time": "2024-08-02T09:06:00-05:00",
      "end_time": "2024-08-02T14:06:00-05:00",
      "duration": "5:00:00.000",
      "scoreboard_freeze_duration": "1:00:00.000",
      "id": "3",
      "external_id": "CCXXI",
      "name": "CusContest XXI",
      "shortname": "CCXXI",
      "allow_submit": true,
      "warning_message": null,
      "banner": [
        {
          "href": "contests/3/banner",
          "mime": "image/jpeg",
          "width": 1600,
          "height": 174,
          "filename": "banner.jpg"
        }
      ]
    }
  ]