[
    {
      "hidden": false,
      "id": "11",
      "icpc_id": null,
      "name": "Participantes",
      "sortorder": 0,
      "color": null
    },
    {
      "hidden": true,
      "id": "12",
      "icpc_id": null,
      "name": "Espectadores",
      "sortorder": 0,
      "color": null
    },
    {
      "hidden": false,
      "id": "4",
      "icpc_id": null,
      "name": "Observers",
      "sortorder": 1,
      "color": "#ffcc33"
    },
    {
      "hidden": true,
      "id": "5",
      "icpc_id": null,
      "name": "Organisation",
      "sortorder": 1,
      "color": "#ff99cc"
    },
    {
      "hidden": false,
      "id": "2",
      "icpc_id": null,
      "name": "Self-Registered",
      "sortorder": 8,
      "color": "#33cc44"
    },
    {
      "hidden": true,
      "id": "1",
      "icpc_id": null,
      "name": "System",
      "sortorder": 9,
      "color": "#ff2bea"
    },
    {
      "hidden": true,
      "id": "10",
      "icpc_id": null,
      "name": "Jury",
      "sortorder": 100,
      "color": null
    }
  ]