[
    {
      "ordinal": 0,
      "id": "7",
      "short_name": "A",
      "label": "A",
      "time_limit": 2,
      "externalid": "A",
      "name": "Zanahorias",
      "rgb": "#7401DF",
      "color": "darkviolet",
      "statement": [
        {
          "href": "contests/3/problems/7/statement",
          "mime": "application/pdf",
          "filename": "A.pdf"
        }
      ],
      "test_data_count": 2
    },
    {
      "ordinal": 1,
      "id": "8",
      "short_name": "B",
      "label": "B",
      "time_limit": 3,
      "externalid": "B",
      "name": "Decodificación Maya",
      "rgb": "#FFFFFF",
      "color": "white",
      "statement": [
        {
          "href": "contests/3/problems/8/statement",
          "mime": "application/pdf",
          "filename": "B.pdf"
        }
      ],
      "test_data_count": 500
    },
    {
      "ordinal": 2,
      "id": "9",
      "short_name": "C",
      "label": "C",
      "time_limit": 2,
      "externalid": "C",
      "name": "Números De Serie",
      "rgb": "#f6ff00",
      "color": "yellow",
      "statement": [
        {
          "href": "contests/3/problems/9/statement",
          "mime": "application/pdf",
          "filename": "C.pdf"
        }
      ],
      "test_data_count": 2
    },
    {
      "ordinal": 3,
      "id": "10",
      "short_name": "D",
      "label": "D",
      "time_limit": 1,
      "externalid": "D",
      "name": "Empacando",
      "rgb": "#DF013A",
      "color": "crimson",
      "statement": [
        {
          "href": "contests/3/problems/10/statement",
          "mime": "application/pdf",
          "filename": "D.pdf"
        }
      ],
      "test_data_count": 6
    },
    {
      "ordinal": 4,
      "id": "11",
      "short_name": "E",
      "label": "E",
      "time_limit": 1,
      "externalid": "E",
      "name": "Nohana",
      "rgb": "#DF01D7",
      "color": "fuchsia",
      "statement": [
        {
          "href": "contests/3/problems/11/statement",
          "mime": "application/pdf",
          "filename": "E.pdf"
        }
      ],
      "test_data_count": 5
    },
    {
      "ordinal": 5,
      "id": "12",
      "short_name": "F",
      "label": "F",
      "time_limit": 1,
      "externalid": "F",
      "name": "Brigada Anti-Terrorista (Fácil)",
      "rgb": "#00BFFF",
      "color": "deepskyblue",
      "statement": [
        {
          "href": "contests/3/problems/12/statement",
          "mime": "application/pdf",
          "filename": "F.pdf"
        }
      ],
      "test_data_count": 5
    },
    {
      "ordinal": 6,
      "id": "13",
      "short_name": "G",
      "label": "G",
      "time_limit": 2,
      "externalid": "G",
      "name": "Brigada Anti-Terrorista (Medio)",
      "rgb": "#000000",
      "color": "black",
      "statement": [
        {
          "href": "contests/3/problems/13/statement",
          "mime": "application/pdf",
          "filename": "G.pdf"
        }
      ],
      "test_data_count": 7
    },
    {
      "ordinal": 7,
      "id": "14",
      "short_name": "H",
      "label": "H",
      "time_limit": 2,
      "externalid": "H",
      "name": "La Red De Transporte",
      "rgb": "#01A9DB",
      "color": "darkturquoise",
      "statement": [
        {
          "href": "contests/3/problems/14/statement",
          "mime": "application/pdf",
          "filename": "H.pdf"
        }
      ],
      "test_data_count": 5
    },
    {
      "ordinal": 8,
      "id": "15",
      "short_name": "I",
      "label": "I",
      "time_limit": 2,
      "externalid": "I",
      "name": "Mejor Trayecto",
      "rgb": "#FF8000",
      "color": "darkorange",
      "statement": [
        {
          "href": "contests/3/problems/15/statement",
          "mime": "application/pdf",
          "filename": "I.pdf"
        }
      ],
      "test_data_count": 2
    },
    {
      "ordinal": 9,
      "id": "16",
      "short_name": "J",
      "label": "J",
      "time_limit": 1,
      "externalid": "J",
      "name": "Irish Pub",
      "rgb": "#6E6E6E",
      "color": "dimgray",
      "statement": [
        {
          "href": "contests/3/problems/16/statement",
          "mime": "application/pdf",
          "filename": "J.pdf"
        }
      ],
      "test_data_count": 2
    },
    {
      "ordinal": 10,
      "id": "17",
      "short_name": "K",
      "label": "K",
      "time_limit": 1,
      "externalid": "K",
      "name": "Un Chifa Inusual (Fácil)",
      "rgb": "#0101DF",
      "color": "mediumblue",
      "statement": [
        {
          "href": "contests/3/problems/17/statement",
          "mime": "application/pdf",
          "filename": "K.pdf"
        }
      ],
      "test_data_count": 2
    },
    {
      "ordinal": 11,
      "id": "18",
      "short_name": "L",
      "label": "L",
      "time_limit": 1,
      "externalid": "L",
      "name": "Un Chifa Inusual (Difícil)",
      "rgb": "#9F81F7",
      "color": "mediumpurple",
      "statement": [
        {
          "href": "contests/3/problems/18/statement",
          "mime": "application/pdf",
          "filename": "L.pdf"
        }
      ],
      "test_data_count": 2
    },
    {
      "ordinal": 12,
      "id": "19",
      "short_name": "M",
      "label": "M",
      "time_limit": 1,
      "externalid": "M",
      "name": "Civilizaciones",
      "rgb": "#F6CEEC",
      "color": "mistyrose",
      "statement": [
        {
          "href": "contests/3/problems/19/statement",
          "mime": "application/pdf",
          "filename": "M.pdf"
        }
      ],
      "test_data_count": 3
    }
  ]